--------------------------------------------------------
--  파일이 생성됨 - 화요일-6월-08-2021   
--------------------------------------------------------
--------------------------------------------------------
--  DDL for Table CATEGORY
--------------------------------------------------------

  CREATE TABLE "EMART24"."CATEGORY" 
   (	"CAT_NO" NUMBER, 
	"CAT_NAME" VARCHAR2(50 BYTE)
   ) SEGMENT CREATION IMMEDIATE 
  PCTFREE 10 PCTUSED 40 INITRANS 1 MAXTRANS 255 NOCOMPRESS LOGGING
  STORAGE(INITIAL 65536 NEXT 1048576 MINEXTENTS 1 MAXEXTENTS 2147483645
  PCTINCREASE 0 FREELISTS 1 FREELIST GROUPS 1 BUFFER_POOL DEFAULT FLASH_CACHE DEFAULT CELL_FLASH_CACHE DEFAULT)
  TABLESPACE "SYSTEM" ;
--------------------------------------------------------
--  DDL for Table INV
--------------------------------------------------------

  CREATE TABLE "EMART24"."INV" 
   (	"INV_NO" NUMBER, 
	"INV_NAME" VARCHAR2(300 BYTE), 
	"INV_W_COUNT" NUMBER, 
	"INV_S_COUNT" NUMBER, 
	"INV_PRICE" NUMBER, 
	"INV_CAT_NO" NUMBER
   ) SEGMENT CREATION IMMEDIATE 
  PCTFREE 10 PCTUSED 40 INITRANS 1 MAXTRANS 255 NOCOMPRESS LOGGING
  STORAGE(INITIAL 65536 NEXT 1048576 MINEXTENTS 1 MAXEXTENTS 2147483645
  PCTINCREASE 0 FREELISTS 1 FREELIST GROUPS 1 BUFFER_POOL DEFAULT FLASH_CACHE DEFAULT CELL_FLASH_CACHE DEFAULT)
  TABLESPACE "SYSTEM" ;
--------------------------------------------------------
--  DDL for Table PRODUCT
--------------------------------------------------------

  CREATE TABLE "EMART24"."PRODUCT" 
   (	"PRO_NO" NUMBER, 
	"PRO_NAME" VARCHAR2(300 BYTE), 
	"PRO_PRICE_S" NUMBER, 
	"PRO_PRICE_E" NUMBER, 
	"PRO_CAT_NO" NUMBER
   ) SEGMENT CREATION IMMEDIATE 
  PCTFREE 10 PCTUSED 40 INITRANS 1 MAXTRANS 255 NOCOMPRESS LOGGING
  STORAGE(INITIAL 65536 NEXT 1048576 MINEXTENTS 1 MAXEXTENTS 2147483645
  PCTINCREASE 0 FREELISTS 1 FREELIST GROUPS 1 BUFFER_POOL DEFAULT FLASH_CACHE DEFAULT CELL_FLASH_CACHE DEFAULT)
  TABLESPACE "SYSTEM" ;
REM INSERTING into EMART24.CATEGORY
SET DEFINE OFF;
Insert into EMART24.CATEGORY (CAT_NO,CAT_NAME) values (1,'음료');
Insert into EMART24.CATEGORY (CAT_NO,CAT_NAME) values (2,'냉동식품');
Insert into EMART24.CATEGORY (CAT_NO,CAT_NAME) values (3,'편의물품');
Insert into EMART24.CATEGORY (CAT_NO,CAT_NAME) values (4,'과자');
Insert into EMART24.CATEGORY (CAT_NO,CAT_NAME) values (5,'간편식');
REM INSERTING into EMART24.INV
SET DEFINE OFF;
Insert into EMART24.INV (INV_NO,INV_NAME,INV_W_COUNT,INV_S_COUNT,INV_PRICE,INV_CAT_NO) values (1,'초록매실',50,10,2300,1);
Insert into EMART24.INV (INV_NO,INV_NAME,INV_W_COUNT,INV_S_COUNT,INV_PRICE,INV_CAT_NO) values (2,'아침에 주스 100% 오렌지',30,10,3000,1);
Insert into EMART24.INV (INV_NO,INV_NAME,INV_W_COUNT,INV_S_COUNT,INV_PRICE,INV_CAT_NO) values (3,'아침에 주스 100% 포도',10,10,3000,1);
Insert into EMART24.INV (INV_NO,INV_NAME,INV_W_COUNT,INV_S_COUNT,INV_PRICE,INV_CAT_NO) values (4,'파워에이드 1.5L',65,10,3000,1);
Insert into EMART24.INV (INV_NO,INV_NAME,INV_W_COUNT,INV_S_COUNT,INV_PRICE,INV_CAT_NO) values (5,'포카리 스웨트 500ml',20,10,1680,1);
Insert into EMART24.INV (INV_NO,INV_NAME,INV_W_COUNT,INV_S_COUNT,INV_PRICE,INV_CAT_NO) values (6,'아침햇살',10,10,3000,1);
Insert into EMART24.INV (INV_NO,INV_NAME,INV_W_COUNT,INV_S_COUNT,INV_PRICE,INV_CAT_NO) values (7,'비비고 고기문두',3,10,6000,2);
Insert into EMART24.INV (INV_NO,INV_NAME,INV_W_COUNT,INV_S_COUNT,INV_PRICE,INV_CAT_NO) values (8,'풀무원 얇은피 속이 꽉찬 고기만두',5,10,5000,2);
Insert into EMART24.INV (INV_NO,INV_NAME,INV_W_COUNT,INV_S_COUNT,INV_PRICE,INV_CAT_NO) values (9,'스팸 볶음밥',55,10,3000,2);
Insert into EMART24.INV (INV_NO,INV_NAME,INV_W_COUNT,INV_S_COUNT,INV_PRICE,INV_CAT_NO) values (10,'녹차마루',61,10,700,2);
Insert into EMART24.INV (INV_NO,INV_NAME,INV_W_COUNT,INV_S_COUNT,INV_PRICE,INV_CAT_NO) values (11,'미트리 스팀 슬라이스 닭가슴살 오리지널',20,10,1600,2);
Insert into EMART24.INV (INV_NO,INV_NAME,INV_W_COUNT,INV_S_COUNT,INV_PRICE,INV_CAT_NO) values (12,'면사랑 크림우동',30,10,3800,2);
Insert into EMART24.INV (INV_NO,INV_NAME,INV_W_COUNT,INV_S_COUNT,INV_PRICE,INV_CAT_NO) values (13,'면양말',15,10,2000,3);
Insert into EMART24.INV (INV_NO,INV_NAME,INV_W_COUNT,INV_S_COUNT,INV_PRICE,INV_CAT_NO) values (14,'수면 양말',21,10,2500,3);
Insert into EMART24.INV (INV_NO,INV_NAME,INV_W_COUNT,INV_S_COUNT,INV_PRICE,INV_CAT_NO) values (15,'C핀 충전기',64,10,7000,3);
Insert into EMART24.INV (INV_NO,INV_NAME,INV_W_COUNT,INV_S_COUNT,INV_PRICE,INV_CAT_NO) values (16,'AAA 건전기',25,10,2000,3);
Insert into EMART24.INV (INV_NO,INV_NAME,INV_W_COUNT,INV_S_COUNT,INV_PRICE,INV_CAT_NO) values (17,'깨끗한 나라 물티슈',38,10,2000,3);
Insert into EMART24.INV (INV_NO,INV_NAME,INV_W_COUNT,INV_S_COUNT,INV_PRICE,INV_CAT_NO) values (18,'보솜이 물티슈',41,10,1800,3);
Insert into EMART24.INV (INV_NO,INV_NAME,INV_W_COUNT,INV_S_COUNT,INV_PRICE,INV_CAT_NO) values (19,'미쯔 초코맛',32,10,1500,4);
Insert into EMART24.INV (INV_NO,INV_NAME,INV_W_COUNT,INV_S_COUNT,INV_PRICE,INV_CAT_NO) values (20,'초코송이',11,10,1500,4);
Insert into EMART24.INV (INV_NO,INV_NAME,INV_W_COUNT,INV_S_COUNT,INV_PRICE,INV_CAT_NO) values (21,'하리보 콜라 젤리',10,10,1000,4);
Insert into EMART24.INV (INV_NO,INV_NAME,INV_W_COUNT,INV_S_COUNT,INV_PRICE,INV_CAT_NO) values (22,'마이구미 복숭아 젤리',50,10,1000,4);
Insert into EMART24.INV (INV_NO,INV_NAME,INV_W_COUNT,INV_S_COUNT,INV_PRICE,INV_CAT_NO) values (23,'썬칩 어니언 맛',62,10,2000,4);
Insert into EMART24.INV (INV_NO,INV_NAME,INV_W_COUNT,INV_S_COUNT,INV_PRICE,INV_CAT_NO) values (24,'프링글스 어니언 맛',150,10,2500,4);
Insert into EMART24.INV (INV_NO,INV_NAME,INV_W_COUNT,INV_S_COUNT,INV_PRICE,INV_CAT_NO) values (25,'미역국컵밥',31,10,3500,5);
Insert into EMART24.INV (INV_NO,INV_NAME,INV_W_COUNT,INV_S_COUNT,INV_PRICE,INV_CAT_NO) values (26,'참치마요 삼각김밥',48,10,1200,5);
Insert into EMART24.INV (INV_NO,INV_NAME,INV_W_COUNT,INV_S_COUNT,INV_PRICE,INV_CAT_NO) values (27,'참치김치 삼각김밥',67,10,600,5);
Insert into EMART24.INV (INV_NO,INV_NAME,INV_W_COUNT,INV_S_COUNT,INV_PRICE,INV_CAT_NO) values (28,'인기가요 샌드위치',86,10,2000,5);
Insert into EMART24.INV (INV_NO,INV_NAME,INV_W_COUNT,INV_S_COUNT,INV_PRICE,INV_CAT_NO) values (29,'불닭볶음면',54,10,1300,5);
Insert into EMART24.INV (INV_NO,INV_NAME,INV_W_COUNT,INV_S_COUNT,INV_PRICE,INV_CAT_NO) values (30,'햇반',38,10,1500,5);
REM INSERTING into EMART24.PRODUCT
SET DEFINE OFF;
Insert into EMART24.PRODUCT (PRO_NO,PRO_NAME,PRO_PRICE_S,PRO_PRICE_E,PRO_CAT_NO) values (1,'초록매실',2300,2185,1);
Insert into EMART24.PRODUCT (PRO_NO,PRO_NAME,PRO_PRICE_S,PRO_PRICE_E,PRO_CAT_NO) values (2,'아침에 주스 100% 오렌지',3000,2850,1);
Insert into EMART24.PRODUCT (PRO_NO,PRO_NAME,PRO_PRICE_S,PRO_PRICE_E,PRO_CAT_NO) values (3,'아침에 주스 100% 포도',3000,2850,1);
Insert into EMART24.PRODUCT (PRO_NO,PRO_NAME,PRO_PRICE_S,PRO_PRICE_E,PRO_CAT_NO) values (4,'파워에이드 1.5L',3000,2850,1);
Insert into EMART24.PRODUCT (PRO_NO,PRO_NAME,PRO_PRICE_S,PRO_PRICE_E,PRO_CAT_NO) values (5,'포카리 스웨트 500ml',1680,1596,1);
Insert into EMART24.PRODUCT (PRO_NO,PRO_NAME,PRO_PRICE_S,PRO_PRICE_E,PRO_CAT_NO) values (6,'아침햇살',3000,2850,1);
Insert into EMART24.PRODUCT (PRO_NO,PRO_NAME,PRO_PRICE_S,PRO_PRICE_E,PRO_CAT_NO) values (7,'비비고 고기문두',6000,5700,2);
Insert into EMART24.PRODUCT (PRO_NO,PRO_NAME,PRO_PRICE_S,PRO_PRICE_E,PRO_CAT_NO) values (8,'풀무원 얇은피 속이 꽉찬 고기만두',5000,4750,2);
Insert into EMART24.PRODUCT (PRO_NO,PRO_NAME,PRO_PRICE_S,PRO_PRICE_E,PRO_CAT_NO) values (9,'스팸 볶음밥',3000,2850,2);
Insert into EMART24.PRODUCT (PRO_NO,PRO_NAME,PRO_PRICE_S,PRO_PRICE_E,PRO_CAT_NO) values (10,'녹차마루',700,665,2);
Insert into EMART24.PRODUCT (PRO_NO,PRO_NAME,PRO_PRICE_S,PRO_PRICE_E,PRO_CAT_NO) values (11,'미트리 스팀 슬라이스 닭가슴살 오리지널',1600,1520,2);
Insert into EMART24.PRODUCT (PRO_NO,PRO_NAME,PRO_PRICE_S,PRO_PRICE_E,PRO_CAT_NO) values (12,'면사랑 크림우동',3800,3610,2);
Insert into EMART24.PRODUCT (PRO_NO,PRO_NAME,PRO_PRICE_S,PRO_PRICE_E,PRO_CAT_NO) values (13,'면양말',2000,1900,3);
Insert into EMART24.PRODUCT (PRO_NO,PRO_NAME,PRO_PRICE_S,PRO_PRICE_E,PRO_CAT_NO) values (14,'수면 양말',2500,2375,3);
Insert into EMART24.PRODUCT (PRO_NO,PRO_NAME,PRO_PRICE_S,PRO_PRICE_E,PRO_CAT_NO) values (15,'C핀 충전기',7000,6650,3);
Insert into EMART24.PRODUCT (PRO_NO,PRO_NAME,PRO_PRICE_S,PRO_PRICE_E,PRO_CAT_NO) values (16,'AAA 건전기',2000,1900,3);
Insert into EMART24.PRODUCT (PRO_NO,PRO_NAME,PRO_PRICE_S,PRO_PRICE_E,PRO_CAT_NO) values (17,'깨끗한 나라 물티슈',2000,1900,3);
Insert into EMART24.PRODUCT (PRO_NO,PRO_NAME,PRO_PRICE_S,PRO_PRICE_E,PRO_CAT_NO) values (18,'보솜이 물티슈',1800,1710,3);
Insert into EMART24.PRODUCT (PRO_NO,PRO_NAME,PRO_PRICE_S,PRO_PRICE_E,PRO_CAT_NO) values (19,'미쯔 초코맛',1500,1425,4);
Insert into EMART24.PRODUCT (PRO_NO,PRO_NAME,PRO_PRICE_S,PRO_PRICE_E,PRO_CAT_NO) values (20,'초코송이',1500,1425,4);
Insert into EMART24.PRODUCT (PRO_NO,PRO_NAME,PRO_PRICE_S,PRO_PRICE_E,PRO_CAT_NO) values (21,'하리보 콜라 젤리',1000,950,4);
Insert into EMART24.PRODUCT (PRO_NO,PRO_NAME,PRO_PRICE_S,PRO_PRICE_E,PRO_CAT_NO) values (22,'마이구미 복숭아 젤리',1000,950,4);
Insert into EMART24.PRODUCT (PRO_NO,PRO_NAME,PRO_PRICE_S,PRO_PRICE_E,PRO_CAT_NO) values (23,'썬칩 어니언 맛',2000,1900,4);
Insert into EMART24.PRODUCT (PRO_NO,PRO_NAME,PRO_PRICE_S,PRO_PRICE_E,PRO_CAT_NO) values (24,'프링글스 어니언 맛',2500,2375,4);
Insert into EMART24.PRODUCT (PRO_NO,PRO_NAME,PRO_PRICE_S,PRO_PRICE_E,PRO_CAT_NO) values (25,'미역국컵밥',3500,3325,5);
Insert into EMART24.PRODUCT (PRO_NO,PRO_NAME,PRO_PRICE_S,PRO_PRICE_E,PRO_CAT_NO) values (26,'참치마요 삼각김밥',1200,1140,5);
Insert into EMART24.PRODUCT (PRO_NO,PRO_NAME,PRO_PRICE_S,PRO_PRICE_E,PRO_CAT_NO) values (27,'참치김치 삼각김밥',600,570,5);
Insert into EMART24.PRODUCT (PRO_NO,PRO_NAME,PRO_PRICE_S,PRO_PRICE_E,PRO_CAT_NO) values (28,'인기가요 샌드위치',2000,1900,5);
Insert into EMART24.PRODUCT (PRO_NO,PRO_NAME,PRO_PRICE_S,PRO_PRICE_E,PRO_CAT_NO) values (29,'불닭볶음면',1300,1235,5);
Insert into EMART24.PRODUCT (PRO_NO,PRO_NAME,PRO_PRICE_S,PRO_PRICE_E,PRO_CAT_NO) values (30,'햇반',1500,1425,5);
--------------------------------------------------------
--  DDL for Index PK_CATEGORY
--------------------------------------------------------

  CREATE UNIQUE INDEX "EMART24"."PK_CATEGORY" ON "EMART24"."CATEGORY" ("CAT_NO") 
  PCTFREE 10 INITRANS 2 MAXTRANS 255 
  STORAGE(INITIAL 65536 NEXT 1048576 MINEXTENTS 1 MAXEXTENTS 2147483645
  PCTINCREASE 0 FREELISTS 1 FREELIST GROUPS 1 BUFFER_POOL DEFAULT FLASH_CACHE DEFAULT CELL_FLASH_CACHE DEFAULT)
  TABLESPACE "SYSTEM" ;
--------------------------------------------------------
--  DDL for Index PK_INV
--------------------------------------------------------

  CREATE UNIQUE INDEX "EMART24"."PK_INV" ON "EMART24"."INV" ("INV_NO") 
  PCTFREE 10 INITRANS 2 MAXTRANS 255 
  STORAGE(INITIAL 65536 NEXT 1048576 MINEXTENTS 1 MAXEXTENTS 2147483645
  PCTINCREASE 0 FREELISTS 1 FREELIST GROUPS 1 BUFFER_POOL DEFAULT FLASH_CACHE DEFAULT CELL_FLASH_CACHE DEFAULT)
  TABLESPACE "SYSTEM" ;
--------------------------------------------------------
--  DDL for Index PK_PRO
--------------------------------------------------------

  CREATE UNIQUE INDEX "EMART24"."PK_PRO" ON "EMART24"."PRODUCT" ("PRO_NO") 
  PCTFREE 10 INITRANS 2 MAXTRANS 255 
  STORAGE(INITIAL 65536 NEXT 1048576 MINEXTENTS 1 MAXEXTENTS 2147483645
  PCTINCREASE 0 FREELISTS 1 FREELIST GROUPS 1 BUFFER_POOL DEFAULT FLASH_CACHE DEFAULT CELL_FLASH_CACHE DEFAULT)
  TABLESPACE "SYSTEM" ;
--------------------------------------------------------
--  DDL for Index SYS_C007375
--------------------------------------------------------

  CREATE UNIQUE INDEX "EMART24"."SYS_C007375" ON "EMART24"."PRODUCT" ("PRO_NAME") 
  PCTFREE 10 INITRANS 2 MAXTRANS 255 
  STORAGE(INITIAL 65536 NEXT 1048576 MINEXTENTS 1 MAXEXTENTS 2147483645
  PCTINCREASE 0 FREELISTS 1 FREELIST GROUPS 1 BUFFER_POOL DEFAULT FLASH_CACHE DEFAULT CELL_FLASH_CACHE DEFAULT)
  TABLESPACE "SYSTEM" ;
--------------------------------------------------------
--  Constraints for Table CATEGORY
--------------------------------------------------------

  ALTER TABLE "EMART24"."CATEGORY" ADD CONSTRAINT "PK_CATEGORY" PRIMARY KEY ("CAT_NO")
  USING INDEX PCTFREE 10 INITRANS 2 MAXTRANS 255 
  STORAGE(INITIAL 65536 NEXT 1048576 MINEXTENTS 1 MAXEXTENTS 2147483645
  PCTINCREASE 0 FREELISTS 1 FREELIST GROUPS 1 BUFFER_POOL DEFAULT FLASH_CACHE DEFAULT CELL_FLASH_CACHE DEFAULT)
  TABLESPACE "SYSTEM"  ENABLE;
  ALTER TABLE "EMART24"."CATEGORY" MODIFY ("CAT_NAME" NOT NULL ENABLE);
--------------------------------------------------------
--  Constraints for Table INV
--------------------------------------------------------

  ALTER TABLE "EMART24"."INV" ADD CONSTRAINT "PK_INV" PRIMARY KEY ("INV_NO")
  USING INDEX PCTFREE 10 INITRANS 2 MAXTRANS 255 
  STORAGE(INITIAL 65536 NEXT 1048576 MINEXTENTS 1 MAXEXTENTS 2147483645
  PCTINCREASE 0 FREELISTS 1 FREELIST GROUPS 1 BUFFER_POOL DEFAULT FLASH_CACHE DEFAULT CELL_FLASH_CACHE DEFAULT)
  TABLESPACE "SYSTEM"  ENABLE;
  ALTER TABLE "EMART24"."INV" MODIFY ("INV_CAT_NO" NOT NULL ENABLE);
  ALTER TABLE "EMART24"."INV" MODIFY ("INV_PRICE" NOT NULL ENABLE);
  ALTER TABLE "EMART24"."INV" MODIFY ("INV_S_COUNT" NOT NULL ENABLE);
  ALTER TABLE "EMART24"."INV" MODIFY ("INV_W_COUNT" NOT NULL ENABLE);
  ALTER TABLE "EMART24"."INV" MODIFY ("INV_NAME" NOT NULL ENABLE);
--------------------------------------------------------
--  Constraints for Table PRODUCT
--------------------------------------------------------

  ALTER TABLE "EMART24"."PRODUCT" ADD UNIQUE ("PRO_NAME")
  USING INDEX PCTFREE 10 INITRANS 2 MAXTRANS 255 
  STORAGE(INITIAL 65536 NEXT 1048576 MINEXTENTS 1 MAXEXTENTS 2147483645
  PCTINCREASE 0 FREELISTS 1 FREELIST GROUPS 1 BUFFER_POOL DEFAULT FLASH_CACHE DEFAULT CELL_FLASH_CACHE DEFAULT)
  TABLESPACE "SYSTEM"  ENABLE;
  ALTER TABLE "EMART24"."PRODUCT" ADD CONSTRAINT "PK_PRO" PRIMARY KEY ("PRO_NO")
  USING INDEX PCTFREE 10 INITRANS 2 MAXTRANS 255 
  STORAGE(INITIAL 65536 NEXT 1048576 MINEXTENTS 1 MAXEXTENTS 2147483645
  PCTINCREASE 0 FREELISTS 1 FREELIST GROUPS 1 BUFFER_POOL DEFAULT FLASH_CACHE DEFAULT CELL_FLASH_CACHE DEFAULT)
  TABLESPACE "SYSTEM"  ENABLE;
  ALTER TABLE "EMART24"."PRODUCT" MODIFY ("PRO_CAT_NO" NOT NULL ENABLE);
  ALTER TABLE "EMART24"."PRODUCT" MODIFY ("PRO_PRICE_E" NOT NULL ENABLE);
  ALTER TABLE "EMART24"."PRODUCT" MODIFY ("PRO_PRICE_S" NOT NULL ENABLE);
  ALTER TABLE "EMART24"."PRODUCT" MODIFY ("PRO_NAME" NOT NULL ENABLE);
--------------------------------------------------------
--  Ref Constraints for Table INV
--------------------------------------------------------

  ALTER TABLE "EMART24"."INV" ADD CONSTRAINT "FK_INV_CAT" FOREIGN KEY ("INV_CAT_NO")
	  REFERENCES "EMART24"."CATEGORY" ("CAT_NO") ENABLE;
  ALTER TABLE "EMART24"."INV" ADD CONSTRAINT "FK_INV_NAME" FOREIGN KEY ("INV_NAME")
	  REFERENCES "EMART24"."PRODUCT" ("PRO_NAME") ENABLE;
--------------------------------------------------------
--  Ref Constraints for Table PRODUCT
--------------------------------------------------------

  ALTER TABLE "EMART24"."PRODUCT" ADD CONSTRAINT "FK_PRODUCT_CAT" FOREIGN KEY ("PRO_CAT_NO")
	  REFERENCES "EMART24"."CATEGORY" ("CAT_NO") ENABLE;
